BD2674	360877808382	12754051019|
BD7644	360877808290	12754051019|
BD7644RG	310892383937	12754051019|
BD8933	310888389249	12754051019|
CT8021	301111213251	12754051019|
CYPWCAMN2	300915287521	12754051019|
EB0370GE	301114408332	12754051019|
HL1133BL	301118933060	12754051019|
IP0999	300921029989	12754051019|
JH1678	360657191441	12754051019|
MX3520	301139047924	12754051019|
PF0016WT	310940230982	12754051019|
PN3690	300887035765	12754051019|
PP1450	310780989999	12754051019|
RC3425GR	310884418518	12754051019|
RP0746SL	300887035554	12754051019|
RP0805	360882282921	12754051019|
RP3056	310644318786	12754051019|
TK0111	300952692899	12754051019|
WH6000	301117689421	12754051019|
XV6432	310647844392	12754051019|
XV6432BL	300887878724	12754051019|
ZX7217	310873028574	12754051019